"","rsID","gene","condition","variant_type","consequence","chromosome","position","protein_change","clinical_sig","ref_allele","alt_allele"
"1","rs1644506661","PLEKHG5","Juvenile amyotrophic lateral sclerosis","single nucleotide variant","missense variant","1","6469588","P630H, P699H, P707H, P667H","Likely pathogenic","C","A"
"2","rs1435710212","PLEKHG5","Juvenile amyotrophic lateral sclerosis","single nucleotide variant","nonsense","1","6470860","Q550*, Q473*, Q542*, Q510*","Pathogenic","C","T"
"3","rs1553122918","PARK7","Amyotrophic lateral sclerosis-parkinsonism-dementia complex","single nucleotide variant","nonsense","1","7965366","Q45*","Pathogenic","C","T"
"4","rs80356723","TARDBP","FRONTOTEMPORAL LOBAR DEGENERATION WITH TDP43 INCLUSIONS, TARDBP-RELATED|Amyotrophic lateral sclerosis type 10","single nucleotide variant","missense variant","1","11022292","","Pathogenic","G","A"
"5","rs1304706298","TARDBP","Amyotrophic lateral sclerosis type 10|FRONTOTEMPORAL LOBAR DEGENERATION WITH TDP43 INCLUSIONS, TARDBP-RELATED","single nucleotide variant","missense variant","1","11022371","A321D","Likely pathogenic","C","A"
"6","rs80356732","TARDBP","FRONTOTEMPORAL LOBAR DEGENERATION WITH TDP43 INCLUSIONS, TARDBP-RELATED|Amyotrophic lateral sclerosis type 10","single nucleotide variant","missense variant","1","11022444","N345K","Pathogenic","C","A"
"7","rs1643659556","TARDBP","Amyotrophic lateral sclerosis type 10","single nucleotide variant","missense variant","1","11022469","Q354E","Likely pathogenic","C","G"
"8","rs766196255","TARDBP","FRONTOTEMPORAL LOBAR DEGENERATION WITH TDP43 INCLUSIONS, TARDBP-RELATED|Amyotrophic lateral sclerosis type 10","single nucleotide variant","missense variant","1","11022532","S375G","Pathogenic","A","G"
"9","rs1557660662","TARDBP","Amyotrophic lateral sclerosis type 10|FRONTOTEMPORAL LOBAR DEGENERATION WITH TDP43 INCLUSIONS, TARDBP-RELATED","single nucleotide variant","missense variant","1","11022541","N378D","Likely pathogenic","A","G"
"10","rs1553159739","TARDBP","Amyotrophic lateral sclerosis type 10","single nucleotide variant","missense variant","1","11022542","N378S","Likely pathogenic","A","G"
"11","rs766653950","DCTN1","Amyotrophic lateral sclerosis type 1|Perry syndrome|Neuronopathy, distal hereditary motor, type 7B","single nucleotide variant","missense variant|non-coding transcript variant","2","74361513","R1258C, R1268C, R1141C, R1250C, R1252C, R1275C, R1136C, R1233C","Likely pathogenic","C","T"
"12","2:74362643 - 74362727","DCTN1","Amyotrophic lateral sclerosis type 1|Neuronopathy, distal hereditary motor, type 7B","Deletion","splice acceptor variant|splice donor variant","2","74362643 - 74362727","","Likely pathogenic","N","-"
"13","rs1328116832","DCTN1","Amyotrophic lateral sclerosis","single nucleotide variant","missense variant|non-coding transcript variant","2","74368122","I488F, I585F, I599F, I602F, I605F, I615F, I622F","Likely pathogenic","A","T"
"14","rs2529170080","DCTN1","Amyotrophic lateral sclerosis type 1|Perry syndrome|Neuronopathy, distal hereditary motor, type 7B","Duplication","frameshift variant|non-coding transcript variant","2","74371555 - 74371556","L190fs, L76fs, L193fs, L203fs, L210fs, L173fs, L187fs","Pathogenic","N","NN"
"15","rs1553466434","DCTN1","Neuronopathy, distal hereditary motor, type 7B","single nucleotide variant","splice donor variant","2","74377998","","Pathogenic","T","C"
"16","rs121909342","DCTN1","Neuronopathy, distal hereditary motor, type 7B|Amyotrophic lateral sclerosis type 1|Perry syndrome","single nucleotide variant","missense variant|non-coding transcript variant","2","74378104","G42R, G59R","Pathogenic","G","C"
"17","rs121909342","DCTN1","Perry syndrome|Neuronopathy, distal hereditary motor, type 7B|Amyotrophic lateral sclerosis type 1","single nucleotide variant","missense variant|non-coding transcript variant","2","74378104","G59S, G42S","Pathogenic","G","A"
"18","rs1014953504","ALS2","Infantile-onset ascending hereditary spastic paralysis","single nucleotide variant","splice donor variant","2","201704453","","Likely pathogenic","G","A"
"19","rs1167814155","ALS2","Infantile-onset ascending hereditary spastic paralysis","Deletion","splice donor variant","2","201704453","","Pathogenic","N","-"
"20","rs1689580631","ALS2","Amyotrophic lateral sclerosis type 2, juvenile","single nucleotide variant","missense variant","2","201704484","P1603L","Likely pathogenic","C","T"
"21","rs1689584119","ALS2","Amyotrophic lateral sclerosis type 2, juvenile","Microsatellite","frameshift variant","2","201704537 - 201704538","S1585fs","Likely pathogenic","N","NN"
"22","rs1337097412","ALS2","Infantile-onset ascending hereditary spastic paralysis","Duplication","frameshift variant","2","201706878 - 201706879","I1517fs","Pathogenic","N","NN"
"23","rs1391892163","ALS2","Infantile-onset ascending hereditary spastic paralysis","single nucleotide variant","nonsense","2","201706898","R1510*","Pathogenic","C","T"
"24","rs1263013448","ALS2","Infantile-onset ascending hereditary spastic paralysis","single nucleotide variant","splice donor variant","2","201707867","","Likely pathogenic","T","A"
"25","rs2105969251","ALS2","Infantile-onset ascending hereditary spastic paralysis","Deletion","frameshift variant","2","201707904","K1457fs","Pathogenic","N","-"
"26","rs2105972075","ALS2","Amyotrophic lateral sclerosis type 2, juvenile","single nucleotide variant","nonsense","2","201709938","L1408*","Pathogenic","T","A"
"27","rs1213175712","ALS2","Infantile-onset ascending hereditary spastic paralysis","single nucleotide variant","splice acceptor variant","2","201710040","","Likely pathogenic","A","G"
"28","rs770096661","ALS2","Amyotrophic lateral sclerosis type 2, juvenile|Juvenile primary lateral sclerosis|Infantile-onset ascending hereditary spastic paralysis","Deletion","frameshift variant","2","201711049","Q1355fs","Likely pathogenic","N","-"
"29","rs1690335308","ALS2","Infantile-onset ascending hereditary spastic paralysis","single nucleotide variant","splice donor variant","2","201715671","","Likely pathogenic","G","A"
"30","rs2469724450","ALS2","Amyotrophic lateral sclerosis type 2, juvenile","Deletion","frameshift variant","2","201715783","D1298fs","Likely pathogenic","N","-"
"31","rs1690523978","ALS2","Infantile-onset ascending hereditary spastic paralysis","single nucleotide variant","nonsense","2","201718084","K1277*","Pathogenic","A","T"
"32","rs2469734144","ALS2","Infantile-onset ascending hereditary spastic paralysis","Duplication","frameshift variant","2","201718113 - 201718114","S1267fs","Pathogenic","N","NN"
"33","rs1690532210","ALS2","Infantile-onset ascending hereditary spastic paralysis","single nucleotide variant","splice acceptor variant","2","201718212","","Pathogenic","A","C"
"34","2:201723059","ALS2","Amyotrophic lateral sclerosis type 2, juvenile","single nucleotide variant","nonsense","2","201723059","W1229*","Likely pathogenic","G","A"
"35","rs2105998730","ALS2","Infantile-onset ascending hereditary spastic paralysis","single nucleotide variant","splice donor variant","2","201723329","","Likely pathogenic","G","A"
"36","rs386134187","ALS2","Infantile-onset ascending hereditary spastic paralysis","Deletion","genic downstream transcript variant|nonsense","2","201723335","","Pathogenic","N","-"
"37","rs1574698048","ALS2","Juvenile primary lateral sclerosis","single nucleotide variant","nonsense","2","201723371","G1195*","Pathogenic","G","T"
"38","rs2469758488","ALS2","Infantile-onset ascending hereditary spastic paralysis","Indel","frameshift variant","2","201723437 - 201723438","E1173fs","Likely pathogenic","N","-"
"39","rs1317051984","ALS2","Infantile-onset ascending hereditary spastic paralysis","Deletion","splice acceptor variant","2","201723437","","Pathogenic","G","-"
"40","rs2105999102","ALS2","Infantile-onset ascending hereditary spastic paralysis","single nucleotide variant","splice acceptor variant","2","201723442","","Pathogenic","G","A"
"41","rs2469758597","ALS2","Infantile-onset ascending hereditary spastic paralysis","single nucleotide variant","splice acceptor variant","2","201723443","","Likely pathogenic","A","T"
"42","rs2106001462","ALS2","Infantile-onset ascending hereditary spastic paralysis","single nucleotide variant","splice acceptor variant","2","201724460","","Likely pathogenic","G","A"
"43","rs2469768159","ALS2","Infantile-onset ascending hereditary spastic paralysis","single nucleotide variant","splice acceptor variant","2","201725456","","Likely pathogenic","A","T"
"44","rs2106005949","ALS2","Infantile-onset ascending hereditary spastic paralysis","single nucleotide variant","splice donor variant","2","201726483","","Likely pathogenic","G","C"
"45","rs2106005949","ALS2","Infantile-onset ascending hereditary spastic paralysis","single nucleotide variant","splice donor variant","2","201726483","","Likely pathogenic","G","T"
"46","rs2106005994","ALS2","Infantile-onset ascending hereditary spastic paralysis","single nucleotide variant","missense variant","2","201726511","G1074D","Pathogenic","G","A"
"47","2:201726551","ALS2","Infantile-onset ascending hereditary spastic paralysis","single nucleotide variant","splice acceptor variant","2","201726551","","Likely pathogenic","A","G"
"48","rs1691183538","ALS2","Infantile-onset ascending hereditary spastic paralysis","single nucleotide variant","missense variant","2","201726685","L1054P","Likely pathogenic","T","C"
"49","rs2469774653","ALS2","Infantile-onset ascending hereditary spastic paralysis","single nucleotide variant","nonsense","2","201726776","Q1024*","Pathogenic","C","T"
"50","rs2469780591","ALS2","Infantile-onset ascending hereditary spastic paralysis","single nucleotide variant","nonsense","2","201727737","W960*","Pathogenic","G","A"
"51","rs2106009582","ALS2","Infantile-onset ascending hereditary spastic paralysis","single nucleotide variant","splice acceptor variant","2","201727777","","Likely pathogenic","A","G"
"52","rs2469784078","ALS2","Infantile-onset ascending hereditary spastic paralysis","single nucleotide variant","nonsense","2","201728514","Q947*","Pathogenic","C","T"
"53","rs2106011709","ALS2","Infantile-onset ascending hereditary spastic paralysis","single nucleotide variant","splice acceptor variant","2","201728642","","Pathogenic","A","C"
"54","rs2106012637","ALS2","Amyotrophic lateral sclerosis type 2, juvenile","Duplication","frameshift variant","2","201729056 - 201729057","M903fs","Pathogenic","N","NN"
"55","rs767762611","ALS2","ALS2-related disorder","Duplication","frameshift variant","2","201729063 - 201729064","G901fs","Likely pathogenic","N","NN"
"56","rs745657866","ALS2","Infantile-onset ascending hereditary spastic paralysis","single nucleotide variant","nonsense","2","201733329","R843*","Pathogenic","C","T"
"57","rs1275973309","ALS2","Infantile-onset ascending hereditary spastic paralysis","single nucleotide variant","splice donor variant","2","201738669","","Pathogenic","G","C"
"58","rs759408917","ALS2","Infantile-onset ascending hereditary spastic paralysis","single nucleotide variant","nonsense","2","201741804","R741*","Pathogenic","C","T"
"59","rs2469852909","ALS2","Amyotrophic lateral sclerosis type 2, juvenile","Duplication","frameshift variant","2","201744259 - 201744260","L723fs","Likely pathogenic","N","NN"
"60","rs1574748038","ALS2","Juvenile primary lateral sclerosis|Amyotrophic lateral sclerosis type 2, juvenile|Infantile-onset ascending hereditary spastic paralysis","single nucleotide variant","nonsense","2","201744324","E702*","Likely pathogenic","G","T"
"61","rs1692492382","ALS2","Infantile-onset ascending hereditary spastic paralysis","Deletion","frameshift variant","2","201744402 - 201744412","V673fs","Pathogenic","N","-"
"62","rs1553511680","ALS2","Infantile-onset ascending hereditary spastic paralysis","single nucleotide variant","nonsense","2","201746643","Q641*","Pathogenic","C","T"
"63","rs863225294","ALS2","Infantile-onset ascending hereditary spastic paralysis","single nucleotide variant","nonsense","2","201746653","Y637*","Likely pathogenic","C","A"
"64","rs386134181","ALS2","Infantile-onset ascending hereditary spastic paralysis","Deletion","genic downstream transcript variant|frameshift variant","2","201746696 - 201746697","L623fs","Pathogenic","N","-"
"65","rs1060503672","ALS2","Infantile-onset ascending hereditary spastic paralysis","single nucleotide variant","splice acceptor variant","2","201746749","","Likely pathogenic","G","A"
"66","rs2106074302","ALS2","Infantile-onset ascending hereditary spastic paralysis","Deletion","frameshift variant","2","201754521","H541fs","Pathogenic","N","-"
"67","2:201754609 - 201754610","ALS2","Infantile-onset ascending hereditary spastic paralysis","Duplication","frameshift variant","2","201754609 - 201754610","T512fs","Pathogenic","N","NN"
"68","rs1693462968","ALS2","Infantile-onset ascending hereditary spastic paralysis","single nucleotide variant","splice donor variant","2","201757401","","Likely pathogenic","G","A"
"69","rs878855058","ALS2","Infantile-onset ascending hereditary spastic paralysis","Deletion","frameshift variant","2","201757445 - 201757448","G477fs","Pathogenic","N","-"
"70","rs2469899610","ALS2","Juvenile primary lateral sclerosis|Amyotrophic lateral sclerosis type 2, juvenile|Infantile-onset ascending hereditary spastic paralysis","Deletion","frameshift variant","2","201757546 - 201757552","I441fs","Likely pathogenic","N","-"
"71","2:201757623","ALS2","Amyotrophic lateral sclerosis type 2, juvenile","single nucleotide variant","nonsense","2","201757623","S417*","Pathogenic","C","G"
"72","rs2469900041","ALS2","Infantile-onset ascending hereditary spastic paralysis","single nucleotide variant","nonsense","2","201757623","S417*","Likely pathogenic","C","A"
"73","rs2106080813","ALS2","Infantile-onset ascending hereditary spastic paralysis","single nucleotide variant","splice acceptor variant","2","201757760","","Likely pathogenic","G","A"
"74","2:201760880","ALS2","Infantile-onset ascending hereditary spastic paralysis","Deletion","frameshift variant|splice donor variant","2","201760880","V372fs","Pathogenic","N","-"
"75","rs1693726956","ALS2","Infantile-onset ascending hereditary spastic paralysis","single nucleotide variant","nonsense","2","201760950","Y348*","Pathogenic","C","G"
"76","rs386134175","ALS2","Infantile-onset ascending hereditary spastic paralysis","Deletion","frameshift variant","2","201760986 - 201760987","I336fs","Pathogenic","N","-"
"77","rs2469913984","ALS2","Infantile-onset ascending hereditary spastic paralysis","Deletion","frameshift variant","2","201761017","G326fs","Pathogenic","N","-"
"78","rs1574786641","ALS2","Infantile-onset ascending hereditary spastic paralysis","Deletion","nonsense","2","201761081","","Pathogenic","N","-"
"79","rs2106088185","ALS2","Infantile-onset ascending hereditary spastic paralysis","Deletion","frameshift variant","2","201761130","V289fs","Pathogenic","N","-"
"80","rs767032589","ALS2","Infantile-onset ascending hereditary spastic paralysis","single nucleotide variant","nonsense","2","201761353","L214*","Pathogenic","T","G"
"81","rs386134174","ALS2","Juvenile primary lateral sclerosis","Deletion","frameshift variant","2","201761441","T185fs","Pathogenic","N","-"
"82","rs2469917312","ALS2","Infantile-onset ascending hereditary spastic paralysis","single nucleotide variant","nonsense","2","201761534","Q154*","Pathogenic","C","T"
"83","rs2106089689","ALS2","Infantile-onset ascending hereditary spastic paralysis","single nucleotide variant","missense variant","2","201761647","G116E","Pathogenic","G","A"
"84","rs2106089798","ALS2","Infantile-onset ascending hereditary spastic paralysis","Deletion","frameshift variant","2","201761668","N109fs","Pathogenic","N","-"
"85","rs1693780539","ALS2","Juvenile primary lateral sclerosis","Microsatellite","frameshift variant","2","201761718 - 201761719","Y92fs","Pathogenic","N","-"
"86","rs2106102271","ALS2","Infantile-onset ascending hereditary spastic paralysis","Deletion","inframe_deletion","2","201767244 - 201767246","G53del","Pathogenic","N","-"
"87","2:201767259","ALS2","Infantile-onset ascending hereditary spastic paralysis","single nucleotide variant","missense variant","2","201767259","G49R","Pathogenic","G","A"
"88","rs2469943073","ALS2","Infantile-onset ascending hereditary spastic paralysis","single nucleotide variant","nonsense","2","201767290","W38*","Pathogenic","G","A"
"89","rs371332509","ERBB4","Amyotrophic lateral sclerosis","single nucleotide variant","missense variant","2","211383728","G1256R, G1272R","Likely pathogenic","G","A"
"90","2:211387943","ERBB4","Amyotrophic lateral sclerosis type 19","single nucleotide variant","intron variant|splice donor variant","2","211387943","","Likely pathogenic","T","C"
"91","rs368743618","TUBA4A","Amyotrophic lateral sclerosis type 22","single nucleotide variant","missense variant","2","219250552","A383T, A368T","Likely pathogenic","G","A"
"92",":","ALS2|MPP4|TMEM237","Joubert syndrome 14|Infantile-onset ascending hereditary spastic paralysis","Deletion","","","","","Pathogenic","N","-"
"93",":","ALS2","Infantile-onset ascending hereditary spastic paralysis","Deletion","","","","","Pathogenic","N","-"
"94","3:87253797","CHMP2B","Frontotemporal dementia and/or amyotrophic lateral sclerosis 7","single nucleotide variant","missense variant","3","87253797","Q165P, Q206P, Q238P","Likely pathogenic","A","C"
"95","4:169438207","NEK1","Short-rib thoracic dysplasia 6 with or without polydactyly|Amyotrophic lateral sclerosis, susceptibility to, 24","Deletion","frameshift variant|non-coding transcript variant|intron variant","4","169438207","V784fs, V809fs, V836fs, V837fs, V853fs, V881fs","Likely pathogenic","N","-"
"96","rs1744312712","NEK1","Short-rib thoracic dysplasia 6 with or without polydactyly","single nucleotide variant","nonsense|non-coding transcript variant","4","169463291","E745*, E750*, E775*, E802*, E803*, E819*, E847*","Likely pathogenic","G","T"
"97","rs750159428","NEK1","Amyotrophic lateral sclerosis, susceptibility to, 24","Microsatellite","nonsense|non-coding transcript variant","4","169477275 - 169477276","","Likely pathogenic","N","-"
"98","rs2546553407","NEK1","Amyotrophic lateral sclerosis, susceptibility to, 24","single nucleotide variant","nonsense|non-coding transcript variant","4","169508277","Q505*, Q530*, Q532*, Q557*, Q558*, Q574*, Q602*","Likely pathogenic","C","T"
"99","4:169508778 - 169508779","NEK1","Amyotrophic lateral sclerosis, susceptibility to, 24","Deletion","frameshift variant|intron variant","4","169508778 - 169508779","K536fs, K580fs","Likely pathogenic","N","-"
"100","rs371575563","NEK1","Short-rib thoracic dysplasia 6 with or without polydactyly","single nucleotide variant","nonsense|non-coding transcript variant","4","169537826","R550*, R506*, R481*, R508*, R533*","Pathogenic","C","T"
"101","rs969452649","NEK1","Amyotrophic lateral sclerosis, susceptibility to, 24","single nucleotide variant","nonsense|non-coding transcript variant","4","169555948","R430*, R447*, R455*, R472*","Likely pathogenic","C","T"
"102","rs2546764617","NEK1","Amyotrophic lateral sclerosis, susceptibility to, 24","single nucleotide variant","nonsense|non-coding transcript variant","4","169556038","Q400*, Q417*, Q425*, Q442*","Likely pathogenic","C","T"
"103","4:169556044","NEK1","Short-rib thoracic dysplasia 6 with or without polydactyly","single nucleotide variant","nonsense|non-coding transcript variant","4","169556044","R398*, R440*, R423*, R415*","Pathogenic","C","T"
"104","rs370576859","NEK1","Short-rib thoracic dysplasia 6 with or without polydactyly","single nucleotide variant","splice donor variant","4","169587558","","Likely pathogenic","G","C"
"105","rs2480199584","LOC129995449|SQSTM1","Paget disease of bone 2, early-onset|Frontotemporal dementia and/or amyotrophic lateral sclerosis 1","Indel","intron variant|splice donor variant","5","179821121 - 179821189","","Likely pathogenic","N","-"
"106","rs1757759029","LOC129995449|SQSTM1","Frontotemporal dementia and/or amyotrophic lateral sclerosis 1|Paget disease of bone 2, early-onset","single nucleotide variant","intron variant|splice donor variant","5","179821143","","Likely pathogenic","T","C"
"107","rs373306317","SQSTM1","Paget disease of bone 2, early-onset|Frontotemporal dementia and/or amyotrophic lateral sclerosis 1","single nucleotide variant","splice acceptor variant","5","179822956","","Likely pathogenic","A","G"
"108","5:179822957","SQSTM1","Paget disease of bone 2, early-onset|Frontotemporal dementia and/or amyotrophic lateral sclerosis 1","single nucleotide variant","splice acceptor variant","5","179822957","","Likely pathogenic","G","C"
"109","rs1425863340","SQSTM1","Paget disease of bone 2, early-onset|Frontotemporal dementia and/or amyotrophic lateral sclerosis 1","single nucleotide variant","5 prime UTR variant|nonsense","5","179822996","E82*","Pathogenic","G","T"
"110","rs2480208932","SQSTM1","Frontotemporal dementia and/or amyotrophic lateral sclerosis 1|Paget disease of bone 2, early-onset","Insertion","frameshift variant","5","179823011 - 179823012","M3fs, M87fs","Pathogenic","-","ATGCCTTTTCCAGTGACGAGGAATTGACGAGGAAT"
"111","rs1008679317","SQSTM1","Paget disease of bone 2, early-onset|Frontotemporal dementia and/or amyotrophic lateral sclerosis 1","Duplication","frameshift variant","5","179823859 - 179823860","E104fs, E20fs","Pathogenic","N","NN"
"112","5:179824221","SQSTM1","Paget disease of bone 2, early-onset|Frontotemporal dementia and/or amyotrophic lateral sclerosis 1","single nucleotide variant","nonsense","5","179824221","G107*, G191*","Pathogenic","G","T"
"113","5:179824266 - 179824267","SQSTM1","Paget disease of bone 2, early-onset|Frontotemporal dementia and/or amyotrophic lateral sclerosis 1","Deletion","frameshift variant","5","179824266 - 179824267","W122fs, W206fs","Pathogenic","N","-"
"114","5:179825158","SQSTM1","Paget disease of bone 2, early-onset|Frontotemporal dementia and/or amyotrophic lateral sclerosis 1","single nucleotide variant","nonsense","5","179825158","S145*, S229*","Pathogenic","C","A"
"115","rs2480243842","SQSTM1","Frontotemporal dementia and/or amyotrophic lateral sclerosis 1|Paget disease of bone 2, early-onset","Duplication","frameshift variant","5","179833039 - 179833040","V171fs, V255fs","Pathogenic","N","NN"
"116","rs1758316662","SQSTM1","Frontotemporal dementia and/or amyotrophic lateral sclerosis 1|Paget disease of bone 2, early-onset","Deletion","frameshift variant","5","179833083","V187fs, V271fs","Pathogenic","N","-"
"117","rs2480244186","SQSTM1","Frontotemporal dementia and/or amyotrophic lateral sclerosis 1|Paget disease of bone 2, early-onset","Deletion","nonsense","5","179833092 - 179833095","","Pathogenic","N","-"
"118","rs2480244231","SQSTM1","Frontotemporal dementia and/or amyotrophic lateral sclerosis 1|Paget disease of bone 2, early-onset","single nucleotide variant","nonsense","5","179833097","E190*, E274*","Pathogenic","G","T"
"119","rs1258386028","SQSTM1","Paget disease of bone 2, early-onset|Frontotemporal dementia and/or amyotrophic lateral sclerosis 1","single nucleotide variant","nonsense","5","179833178","E217*, E301*","Pathogenic","G","T"
"120","rs2113512370","SQSTM1","Frontotemporal dementia and/or amyotrophic lateral sclerosis 1|Paget disease of bone 2, early-onset","single nucleotide variant","splice acceptor variant","5","179833585","","Likely pathogenic","A","G"
"121","rs1758351897","SQSTM1","Paget disease of bone 2, early-onset|Frontotemporal dementia and/or amyotrophic lateral sclerosis 1","single nucleotide variant","nonsense","5","179833590","Q241*, Q325*","Pathogenic","C","T"
"122","rs2113512406","SQSTM1","Frontotemporal dementia and/or amyotrophic lateral sclerosis 1|Paget disease of bone 2, early-onset","Duplication","frameshift variant","5","179833594 - 179833595","E327fs, E243fs","Pathogenic","N","NN"
"123","rs1185406298","SQSTM1","Paget disease of bone 2, early-onset|Frontotemporal dementia and/or amyotrophic lateral sclerosis 1","single nucleotide variant","nonsense","5","179833612","S248*, S332*","Pathogenic","C","G"
"124","rs1261101487","SQSTM1","Paget disease of bone 2, early-onset|Frontotemporal dementia and/or amyotrophic lateral sclerosis 1","single nucleotide variant","nonsense","5","179833728","Q287*, Q371*","Pathogenic","C","T"
"125","rs1758359961","SQSTM1","Frontotemporal dementia and/or amyotrophic lateral sclerosis 3","Deletion","frameshift variant","5","179833743","","Likely pathogenic","N","-"
"126","5:179833760 - 179833761","SQSTM1","Paget disease of bone 2, early-onset|Frontotemporal dementia and/or amyotrophic lateral sclerosis 1","Duplication","frameshift variant","5","179833760 - 179833761","L298fs, L382fs","Likely pathogenic","N","NN"
"127","5:179833778 - 179833779","SQSTM1","Paget disease of bone 2, early-onset|Frontotemporal dementia and/or amyotrophic lateral sclerosis 1","Duplication","frameshift variant","5","179833778 - 179833779","E305fs, E389fs","Likely pathogenic","N","NN"
"128","rs1391182750","SQSTM1","Paget disease of bone 2, early-onset|Frontotemporal dementia and/or amyotrophic lateral sclerosis 1","single nucleotide variant","missense variant","5","179833782","E305Q, E389Q","Pathogenic","G","C"
"129","rs796051870","SQSTM1","Frontotemporal dementia and/or amyotrophic lateral sclerosis 1|Paget disease of bone 2, early-onset","single nucleotide variant","splice donor variant","5","179833783","","Pathogenic","G","A"
"130","rs2480264715","SQSTM1","Frontotemporal dementia and/or amyotrophic lateral sclerosis 1|Paget disease of bone 2, early-onset","Deletion","frameshift variant","5","179836443","P392fs, P308fs","Pathogenic","N","-"
"131","5:179836448 - 179837234","SQSTM1|LOC112997583","Paget disease of bone 2, early-onset|Frontotemporal dementia and/or amyotrophic lateral sclerosis 1","Deletion","frameshift variant","5","179836448 - 179837234","L310fs, L394fs","Likely pathogenic","N","-"
"132","rs1254158201","SQSTM1","Frontotemporal dementia and/or amyotrophic lateral sclerosis 1|Paget disease of bone 2, early-onset","Duplication","nonsense","5","179836453 - 179836454","E312*, E396*","Pathogenic","N","NN"
"133","rs1247551175","SQSTM1","Frontotemporal dementia and/or amyotrophic lateral sclerosis 1|Paget disease of bone 2, early-onset","single nucleotide variant","missense variant","5","179836481","M320T, M404T","Pathogenic","T","C"
"134","rs753207473","FIG4","Charcot-Marie-Tooth disease type 4","single nucleotide variant","nonsense","6","109716541","R88*","Pathogenic","C","T"
"135","rs2486126464","FIG4","Amyotrophic lateral sclerosis type 11","Duplication","splice acceptor variant","6","109738323 - 109738324","","Likely pathogenic","-","G"
"136","rs1583695322","FIG4","Charcot-Marie-Tooth disease","Deletion","frameshift variant","6","109760259","R384fs","Likely pathogenic","N","-"
"137","6:109760262","FIG4","Yunis-Varon syndrome|Bilateral parasagittal parieto-occipital polymicrogyria|Amyotrophic lateral sclerosis type 11|Charcot-Marie-Tooth disease type 4J","single nucleotide variant","nonsense","6","109760262","R384*","Likely pathogenic","A","T"
"138","6:109763935","FIG4","Charcot-Marie-Tooth disease type 4J|Bilateral parasagittal parieto-occipital polymicrogyria|Amyotrophic lateral sclerosis type 11|Yunis-Varon syndrome","single nucleotide variant","splice acceptor variant","6","109763935","","Likely pathogenic","A","G"
"139","rs756308787","FIG4","Yunis-Varon syndrome","single nucleotide variant","splice donor variant","6","109791573","","Likely pathogenic","T","G"
"140","rs2076486420","SYNE1","Juvenile amyotrophic lateral sclerosis","single nucleotide variant","nonsense","6","152206257","Q7573*, Q7644*","Pathogenic","C","T"
"141","rs2128109836","HNRNPA2B1","Inclusion body myopathy with early-onset Paget disease with or without frontotemporal dementia 2","single nucleotide variant","missense variant","7","26193322","P310L, P298L","Likely pathogenic","C","T"
"142","9:27573529 - 27573534","C9orf72|LOC109504728|LOC129929032","Amyotrophic lateral sclerosis","Microsatellite","","9","27573529 - 27573534","","Pathogenic",NA,NA
"143","rs1554707622","SIGMAR1","Amyotrophic lateral sclerosis type 16","Deletion","splice acceptor variant","9","34635592 - 34635883","","Likely pathogenic","N","-"
"144","9:34635632","SIGMAR1","Amyotrophic lateral sclerosis type 16","single nucleotide variant","missense variant|stop lost|3 prime UTR variant|non-coding transcript variant","9","34635632","T152A","Likely pathogenic","A","G"
"145","rs2132323906","SIGMAR1","Amyotrophic lateral sclerosis type 16","single nucleotide variant","missense variant|3 prime UTR variant|non-coding transcript variant|intron variant","9","34635667","E113K, E182K, E193K, E213K","Likely pathogenic","G","A"
"146","rs1242817438","SIGMAR1","Autosomal recessive distal spinal muscular atrophy 2|Amyotrophic lateral sclerosis type 16","single nucleotide variant","nonsense|3 prime UTR variant|non-coding transcript variant|intron variant","9","34635812","W133*, W144*, W164*, W64*","Pathogenic","G","A"
"147","rs2492811707","SIGMAR1","Autosomal recessive distal spinal muscular atrophy 2|Amyotrophic lateral sclerosis type 16","Deletion","frameshift variant|non-coding transcript variant|intron variant","9","34635833 - 34635848","V153fs, V122fs, V133fs, V53fs, S106fs","Pathogenic","N","-"
"148","rs1820836522","SIGMAR1","Amyotrophic lateral sclerosis type 16","single nucleotide variant","missense variant|synonymous variant|non-coding transcript variant|intron variant","9","34635853","T51A, D104G, T151A, T120A, T131A","Likely pathogenic","A","G"
"149","9:34636996","SIGMAR1","Autosomal recessive distal spinal muscular atrophy 2|Amyotrophic lateral sclerosis type 16","single nucleotide variant","splice donor variant|intron variant","9","34636996","","Pathogenic","G","A"
"150","9:34637039","SIGMAR1","Amyotrophic lateral sclerosis type 16|Autosomal recessive distal spinal muscular atrophy 2","single nucleotide variant","nonsense|synonymous variant|non-coding transcript variant|intron variant","9","34637039","Q115*, Q135*, Q35*","Pathogenic","C","T"
"151","rs755994483","SIGMAR1","Autosomal recessive distal spinal muscular atrophy 2|Amyotrophic lateral sclerosis type 16","single nucleotide variant","nonsense|synonymous variant|non-coding transcript variant|intron variant","9","34637068","S105*, S125*, S25*","Pathogenic","C","A"
"152","9:34637352 - 34637355","SIGMAR1","Amyotrophic lateral sclerosis type 16|Autosomal recessive distal spinal muscular atrophy 2","Deletion","frameshift variant|5 prime UTR variant|non-coding transcript variant","9","34637352 - 34637355","V53fs, V73fs","Pathogenic","N","-"
"153","rs2132329744","SIGMAR1","Autosomal recessive distal spinal muscular atrophy 2|Amyotrophic lateral sclerosis type 16","single nucleotide variant","splice acceptor variant","9","34637422","","Likely pathogenic","A","T"
"154","rs2492828821","LOC130001681|SIGMAR1","Autosomal recessive distal spinal muscular atrophy 2|Amyotrophic lateral sclerosis type 16","Deletion","frameshift variant|5 prime UTR variant|non-coding transcript variant|intron variant","9","34637572 - 34637573","I42fs","Pathogenic","N","-"
"155","9:34637588 - 34637589","SIGMAR1|LOC130001681","Amyotrophic lateral sclerosis type 16|Autosomal recessive distal spinal muscular atrophy 2","Deletion","frameshift variant|5 prime UTR variant|non-coding transcript variant|intron variant","9","34637588 - 34637589","F37fs","Likely pathogenic","N","-"
"156","rs1449250083","LOC130001681|SIGMAR1","Amyotrophic lateral sclerosis type 16|Autosomal recessive distal spinal muscular atrophy 2","single nucleotide variant","nonsense|5 prime UTR variant|non-coding transcript variant","9","34637612","W29*","Pathogenic","G","A"
"157","9:34637625","LOC130001681|SIGMAR1","Amyotrophic lateral sclerosis type 16","Deletion","frameshift variant|5 prime UTR variant|non-coding transcript variant","9","34637625","V25fs","Likely pathogenic","N","-"
"158","rs1564096761","LOC130001681|SIGMAR1","Autosomal recessive distal spinal muscular atrophy 2|Amyotrophic lateral sclerosis type 16","Deletion","frameshift variant|5 prime UTR variant|non-coding transcript variant","9","34637685","V5fs","Pathogenic","N","-"
"159","rs1828783140","VCP","Inclusion body myopathy with Paget disease of bone and frontotemporal dementia|Frontotemporal dementia and/or amyotrophic lateral sclerosis 6","single nucleotide variant","missense variant","9","35064214","I171M, I216M","Likely pathogenic","A","G"
"160","rs1828784075","VCP","Inclusion body myopathy with Paget disease of bone and frontotemporal dementia|Frontotemporal dementia and/or amyotrophic lateral sclerosis 6","single nucleotide variant","splice acceptor variant","9","35064287","","Likely pathogenic","A","G"
"161","9:35065264","VCP","Inclusion body myopathy with Paget disease of bone and frontotemporal dementia type 1","single nucleotide variant","missense variant","9","35065264","P143H, P188H","Likely pathogenic","C","A"
"162","rs1554668813","VCP","Inclusion body myopathy with Paget disease of bone and frontotemporal dementia|Frontotemporal dementia and/or amyotrophic lateral sclerosis 6","single nucleotide variant","missense variant","9","35065355","M158V, M113V","Pathogenic","A","G"
"163","rs1554668814","VCP","Inclusion body myopathy with Paget disease of bone and frontotemporal dementia|Frontotemporal dementia and/or amyotrophic lateral sclerosis 6","single nucleotide variant","missense variant","9","35065358","G112R, G157R","Pathogenic","G","A"
"164","rs121909330","VCP","Inclusion body myopathy with Paget disease of bone and frontotemporal dementia|Frontotemporal dementia and/or amyotrophic lateral sclerosis 6","single nucleotide variant","missense variant","9","35065364","R155S, R110S","Pathogenic","C","A"
"165","rs2490370338","VCP","Inclusion body myopathy with Paget disease of bone and frontotemporal dementia|Frontotemporal dementia and/or amyotrophic lateral sclerosis 6","single nucleotide variant","missense variant","9","35066738","G83S, G128S","Likely pathogenic","G","A"
"166","rs1828864269","VCP","Inclusion body myopathy with Paget disease of bone and frontotemporal dementia type 1","single nucleotide variant","missense variant","9","35067899","D53E, D98E","Likely pathogenic","T","A"
"167","rs864309502","VCP","Frontotemporal dementia and/or amyotrophic lateral sclerosis 6|Inclusion body myopathy with Paget disease of bone and frontotemporal dementia","single nucleotide variant","missense variant","9","35067903","G97E, G52E","Pathogenic","G","A"
"168","rs758169026","VCP","Frontotemporal dementia and/or amyotrophic lateral sclerosis 6|Inclusion body myopathy with Paget disease of bone and frontotemporal dementia","single nucleotide variant","missense variant","9","35067909","R50H, R95H","Likely pathogenic","G","A"
"169","rs121909332","VCP","Frontotemporal dementia and/or amyotrophic lateral sclerosis 6|Inclusion body myopathy with Paget disease of bone and frontotemporal dementia","single nucleotide variant","missense variant","9","35067910","R50S, R95S","Likely pathogenic","C","A"
"170","rs121909332","VCP","Frontotemporal dementia and/or amyotrophic lateral sclerosis 6|Inclusion body myopathy with Paget disease of bone and frontotemporal dementia","single nucleotide variant","missense variant","9","35067910","R95G, R50G","Pathogenic","C","G"
"171","rs1563980966","VCP","Inclusion body myopathy with Paget disease of bone and frontotemporal dementia|Frontotemporal dementia and/or amyotrophic lateral sclerosis 6","single nucleotide variant","missense variant","9","35067920","N46K, N91K","Likely pathogenic","C","A"
"172","rs1563980966","VCP","Frontotemporal dementia and/or amyotrophic lateral sclerosis 6|Inclusion body myopathy with Paget disease of bone and frontotemporal dementia","single nucleotide variant","missense variant","9","35067920","N46K, N91K","Likely pathogenic","C","G"
"173","rs863225291","VCP","Frontotemporal dementia and/or amyotrophic lateral sclerosis 6|Inclusion body myopathy with Paget disease of bone and frontotemporal dementia","single nucleotide variant","missense variant","9","35067922","N91Y, N46Y","Pathogenic","A","T"
"174","rs900105227","VCP","Inclusion body myopathy with Paget disease of bone and frontotemporal dementia|Frontotemporal dementia and/or amyotrophic lateral sclerosis 6","single nucleotide variant","missense variant","9","35067927","R44Q, R89Q","Pathogenic","G","A"
"175","rs2118840030","SPTLC1","Amyotrophic lateral sclerosis","Deletion","inframe_deletion|5 prime UTR variant","9","92112497 - 92112502","","Likely pathogenic","N","-"
"176","9:132271758","SETX","Spinocerebellar ataxia, autosomal recessive, with axonal neuropathy 2|Amyotrophic lateral sclerosis type 4","Deletion","frameshift variant","9","132271758","C2384fs","Pathogenic","N","-"
"177","rs1554804809","SETX","Amyotrophic lateral sclerosis type 4|Spinocerebellar ataxia, autosomal recessive, with axonal neuropathy 2","single nucleotide variant","splice donor variant","9","132275254","","Likely pathogenic","T","C"
"178","rs1186690391","SETX","Spinocerebellar ataxia, autosomal recessive, with axonal neuropathy 2|Amyotrophic lateral sclerosis type 4","Deletion","splice acceptor variant","9","132277153 - 132277155","","Likely pathogenic","N","-"
"179","rs1038776365","SETX","Spinocerebellar ataxia, autosomal recessive, with axonal neuropathy 2|Amyotrophic lateral sclerosis type 4","single nucleotide variant","splice donor variant","9","132278069","","Likely pathogenic","G","T"
"180","9:132283388 - 132283389","SETX","Spinocerebellar ataxia, autosomal recessive, with axonal neuropathy 2","Duplication","frameshift variant","9","132283388 - 132283389","Q2141fs","Pathogenic","N","NN"
"181","rs2538904662","SETX","Inborn genetic diseases","Microsatellite","frameshift variant","9","132283388 - 132283389","Q2141fs","Pathogenic","N","-"
"182","rs1844047388","SETX","Amyotrophic lateral sclerosis type 4|Spinocerebellar ataxia, autosomal recessive, with axonal neuropathy 2","single nucleotide variant","nonsense","9","132288292","Q2090*","Pathogenic","C","T"
"183","rs754618817","SETX","Spinocerebellar ataxia, autosomal recessive, with axonal neuropathy 2|Amyotrophic lateral sclerosis type 4","Duplication","splice donor variant","9","132288547 - 132288548","","Likely pathogenic","N","NN"
"184","9:132296894","SETX","Spinocerebellar ataxia, autosomal recessive, with axonal neuropathy 2|Amyotrophic lateral sclerosis type 4","single nucleotide variant","missense variant","9","132296894","L1981R","Pathogenic","T","G"
"185","rs776632212","SETX","Amyotrophic lateral sclerosis type 4|Spinocerebellar ataxia, autosomal recessive, with axonal neuropathy 2","Deletion","frameshift variant","9","132326334","T1755fs","Pathogenic","N","-"
"186","rs2539088969","SETX","Spinocerebellar ataxia, autosomal recessive, with axonal neuropathy 2|Amyotrophic lateral sclerosis type 4","Deletion","frameshift variant","9","132326579","V1674fs","Pathogenic","N","-"
"187","rs757883779","SETX","Amyotrophic lateral sclerosis type 4|Spinocerebellar ataxia, autosomal recessive, with axonal neuropathy 2","Duplication","frameshift variant","9","132326707 - 132326708","I1631fs","Pathogenic","N","NN"
"188","rs746973259","SETX","Spinocerebellar ataxia, autosomal recessive, with axonal neuropathy 2|Amyotrophic lateral sclerosis type 4","Duplication","frameshift variant","9","132326918 - 132326919","N1560fs","Pathogenic","N","NN"
"189","rs2131440608","SETX","Amyotrophic lateral sclerosis type 4|Spinocerebellar ataxia, autosomal recessive, with axonal neuropathy 2","single nucleotide variant","nonsense","9","132327917","C1227*","Pathogenic","T","A"
"190","rs1846980272","SETX","Amyotrophic lateral sclerosis type 4|Spinocerebellar ataxia, autosomal recessive, with axonal neuropathy 2","Deletion","frameshift variant","9","132328307 - 132328310","H1096fs","Pathogenic","N","-"
"191","9:132328385 - 132328386","SETX","Spinocerebellar ataxia, autosomal recessive, with axonal neuropathy 2|Amyotrophic lateral sclerosis type 4","Deletion","frameshift variant","9","132328385 - 132328386","F1071fs","Pathogenic","N","-"
"192","9:132328610 - 132328611","SETX","Spinocerebellar ataxia, autosomal recessive, with axonal neuropathy 2|Amyotrophic lateral sclerosis type 4","Deletion","frameshift variant","9","132328610 - 132328611","R996fs","Pathogenic","N","-"
"193","rs2131461009","SETX","Amyotrophic lateral sclerosis type 4|Spinocerebellar ataxia, autosomal recessive, with axonal neuropathy 2","single nucleotide variant","missense variant","9","132330114","L495P","Pathogenic","T","C"
"194","rs2131463306","SETX","Amyotrophic lateral sclerosis type 4","single nucleotide variant","missense variant","9","132330431","L389F","Likely pathogenic","A","C"
"195","rs2131463325","SETX","Amyotrophic lateral sclerosis type 4","Deletion","inframe_deletion","9","132330431 - 132330433","L389del","Likely pathogenic","N","-"
"196","rs2131463657","SETX","Amyotrophic lateral sclerosis type 4","single nucleotide variant","nonsense","9","132330488","W370*","Likely pathogenic","G","A"
"197","rs2539140886","SETX","Amyotrophic lateral sclerosis type 4","single nucleotide variant","splice acceptor variant","9","132331141","","Likely pathogenic","A","G"
"198","rs2539238128","SETX","Spinocerebellar ataxia, autosomal recessive, with axonal neuropathy 2|Amyotrophic lateral sclerosis type 4","Deletion","splice donor variant","9","132346259 - 132346262","","Pathogenic","N","-"
"199","rs587776537","SETX","Inborn genetic diseases","Microsatellite","inframe_deletion","9","132346304 - 132346306","L115del","Likely pathogenic","N","-"
"200",":","SETX","Amyotrophic lateral sclerosis type 4|Spinocerebellar ataxia, autosomal recessive, with axonal neuropathy 2","Deletion","","","","","Pathogenic","N","-"
"201",":","SETX","Amyotrophic lateral sclerosis type 4|Spinocerebellar ataxia, autosomal recessive, with axonal neuropathy 2","Deletion","","","","","Pathogenic","N","-"
"202",":","SETX","Amyotrophic lateral sclerosis type 4","Deletion","","","","","Likely pathogenic","N","-"
"203",":","SETX","Amyotrophic lateral sclerosis type 4|Spinocerebellar ataxia, autosomal recessive, with axonal neuropathy 2","Deletion","","","","","Pathogenic","N","-"
"204","10:13109103 - 13136886","LOC130003372|OPTN|LOC108903148|LOC108903149","Glaucoma 1, open angle, E|Primary open angle glaucoma|Amyotrophic lateral sclerosis type 12","Deletion","","10","13109103 - 13136886","","Pathogenic","N","-"
"205","10:13109123 - 13183100","LOC108903148|LOC108903149|LOC121366042|LOC130003372|LOC130003373|MCM10|OPTN","Primary open angle glaucoma|Amyotrophic lateral sclerosis type 12|Glaucoma 1, open angle, E","Deletion","","10","13109123 - 13183100","","Pathogenic","N","-"
"206","10:13109279","LOC108903148|OPTN","Amyotrophic lateral sclerosis type 12|Primary open angle glaucoma|Glaucoma 1, open angle, E","single nucleotide variant","nonsense","10","13109279","Q53*","Pathogenic","C","T"
"207","rs1564354968","LOC108903148|OPTN","Primary open angle glaucoma|Glaucoma 1, open angle, E|Amyotrophic lateral sclerosis type 12","Duplication","frameshift variant","10","13109279 - 13109280","K55fs","Pathogenic","N","NN"
"208","rs1359892832","LOC108903148|OPTN","Amyotrophic lateral sclerosis type 12|Glaucoma 1, open angle, E|Primary open angle glaucoma","single nucleotide variant","nonsense","10","13110348","E81*","Pathogenic","G","T"
"209","10:13110436 - 13110437","LOC108903148|OPTN","Amyotrophic lateral sclerosis type 12","Duplication","frameshift variant","10","13110436 - 13110437","G112fs","Pathogenic","N","NN"
"210","rs113349726","LOC108903148|OPTN","Amyotrophic lateral sclerosis type 12|Primary open angle glaucoma|Glaucoma 1, open angle, E","single nucleotide variant","splice donor variant","10","13110478","","Likely pathogenic","T","C"
"211","rs2131488754","OPTN","Amyotrophic lateral sclerosis type 12|Glaucoma 1, open angle, E|Primary open angle glaucoma","single nucleotide variant","splice acceptor variant","10","13112452","","Likely pathogenic","G","A"
"212","rs140599944","OPTN","Amyotrophic lateral sclerosis type 12|Glaucoma 1, open angle, E|Primary open angle glaucoma","single nucleotide variant","nonsense","10","13112486","E135*","Pathogenic","G","T"
"213","rs2539041527","OPTN","Primary open angle glaucoma|Amyotrophic lateral sclerosis type 12|Glaucoma 1, open angle, E","Insertion","frameshift variant","10","13112502 - 13112503","K140fs","Pathogenic","-","TC"
"214","rs2131488944","OPTN","Amyotrophic lateral sclerosis type 12","single nucleotide variant","nonsense","10","13112519","Q146*","Likely pathogenic","C","T"
"215","rs1283443715","OPTN","Primary open angle glaucoma|Amyotrophic lateral sclerosis type 12|Glaucoma 1, open angle, E","Duplication","frameshift variant","10","13112532 - 13112533","Q151fs","Pathogenic","N","NN"
"216","rs771268520","OPTN","Amyotrophic lateral sclerosis type 12|Glaucoma 1, open angle, E|Primary open angle glaucoma","Deletion","frameshift variant","10","13112606","E175fs","Pathogenic","N","-"
"217","rs1328890259","OPTN","Amyotrophic lateral sclerosis type 12|Primary open angle glaucoma|Glaucoma 1, open angle, E","single nucleotide variant","nonsense","10","13118910","R217*","Pathogenic","A","T"
"218","rs2539056279","OPTN","Amyotrophic lateral sclerosis type 12|Primary open angle glaucoma|Glaucoma 1, open angle, E","Deletion","frameshift variant","10","13118926","K223fs","Pathogenic","N","-"
"219","rs757559365","OPTN","Glaucoma 1, open angle, E|Primary open angle glaucoma|Amyotrophic lateral sclerosis type 12","Microsatellite","","10","13122383 - 13122384","","Pathogenic",NA,NA
"220","rs759311192","OPTN","Amyotrophic lateral sclerosis type 12|Glaucoma 1, open angle, E|Primary open angle glaucoma","single nucleotide variant","splice acceptor variant","10","13122384","","Likely pathogenic","G","C"
"221","rs1833371664","OPTN","Amyotrophic lateral sclerosis type 12","Duplication","frameshift variant","10","13122477 - 13122478","E293fs","Likely pathogenic","N","NN"
"222","rs2539062305","OPTN","Amyotrophic lateral sclerosis type 12|Glaucoma 1, open angle, E|Primary open angle glaucoma","Microsatellite","splice donor variant","10","13122487 - 13122488","","Likely pathogenic","N","-"
"223","10:13124028 - 13124038","OPTN","Amyotrophic lateral sclerosis type 12","Deletion","frameshift variant","10","13124028 - 13124038","","Likely pathogenic","N","-"
"224","rs778911925","OPTN","Primary open angle glaucoma|Glaucoma 1, open angle, E|Amyotrophic lateral sclerosis type 12","Deletion","frameshift variant","10","13124098 - 13124102","R329fs","Pathogenic","N","-"
"225","rs746420444","OPTN","Inborn genetic diseases","single nucleotide variant","nonsense","10","13125422","Q335*","Pathogenic","C","T"
"226","rs1564365123","OPTN","Primary open angle glaucoma|Amyotrophic lateral sclerosis type 12|Glaucoma 1, open angle, E","Deletion","frameshift variant","10","13125522","M368fs","Pathogenic","N","-"
"227","rs1833451208","OPTN","Amyotrophic lateral sclerosis type 12","Deletion","frameshift variant","10","13126014","T406fs","Pathogenic","N","-"
"228","10:13126037","OPTN","Primary open angle glaucoma|Amyotrophic lateral sclerosis type 12|Glaucoma 1, open angle, E","single nucleotide variant","nonsense","10","13126037","E414*","Pathogenic","G","T"
"229","10:13127785","OPTN","Primary open angle glaucoma|Amyotrophic lateral sclerosis type 12|Glaucoma 1, open angle, E","Deletion","frameshift variant","10","13127785","K429fs","Pathogenic","N","-"
"230","rs1206423781","OPTN","Glaucoma 1, open angle, E|Amyotrophic lateral sclerosis type 12|Primary open angle glaucoma","Deletion","frameshift variant","10","13127791 - 13127792","L430fs","Pathogenic","N","-"
"231","rs2539070896","OPTN","Amyotrophic lateral sclerosis type 12|Glaucoma 1, open angle, E|Primary open angle glaucoma","Duplication","frameshift variant","10","13127819 - 13127820","D445fs","Pathogenic","N","NN"
"232","rs2131520977","OPTN","Amyotrophic lateral sclerosis type 12","single nucleotide variant","missense variant","10","13127902","Q467P","Likely pathogenic","A","C"
"233","rs1370982012","OPTN","Primary open angle glaucoma|Glaucoma 1, open angle, E|Amyotrophic lateral sclerosis type 12","single nucleotide variant","splice donor variant","10","13127904","","Likely pathogenic","G","A"
"234","rs267606929","OPTN","Amyotrophic lateral sclerosis type 12","single nucleotide variant","missense variant","10","13132098","E478G","Pathogenic","A","G"
"235","rs780777015","OPTN","Primary open angle glaucoma|Glaucoma 1, open angle, E|Amyotrophic lateral sclerosis type 12","single nucleotide variant","nonsense","10","13133521","Q518*","Pathogenic","C","T"
"236","rs1357375850","OPTN","Glaucoma 1, open angle, E|Primary open angle glaucoma|Amyotrophic lateral sclerosis type 12","single nucleotide variant","missense variant","10","13136802","K557T","Likely pathogenic","A","C"
"237","10:80166889","ANXA11","Amyotrophic lateral sclerosis type 23","single nucleotide variant","splice donor variant","10","80166889","","Pathogenic","G","A"
"238","rs1844420892","ERLIN1","Juvenile amyotrophic lateral sclerosis","single nucleotide variant","missense variant|non-coding transcript variant|intron variant","10","100178156","V10A, V94A","Pathogenic","T","C"
"239",":","OPTN","Primary open angle glaucoma|Glaucoma 1, open angle, E|Amyotrophic lateral sclerosis type 12","Duplication","","","","","Likely pathogenic","N","NN"
"240",":","OPTN","Primary open angle glaucoma|Glaucoma 1, open angle, E|Amyotrophic lateral sclerosis type 12","Deletion","","","","","Pathogenic","N","-"
"241",":","OPTN","Amyotrophic lateral sclerosis type 12|Glaucoma 1, open angle, E|Primary open angle glaucoma","Deletion","","","","","Likely pathogenic","N","-"
"242",":","OPTN","Amyotrophic lateral sclerosis type 12|Glaucoma 1, open angle, E|Primary open angle glaucoma","Deletion","","","","","Pathogenic","N","-"
"243",":","OPTN","Amyotrophic lateral sclerosis type 12|Glaucoma 1, open angle, E|Primary open angle glaucoma","Deletion","","","","","Pathogenic","N","-"
"244",":","OPTN","Amyotrophic lateral sclerosis type 12|Glaucoma 1, open angle, E|Primary open angle glaucoma","Deletion","","","","","Pathogenic","N","-"
"245",":","OPTN","Amyotrophic lateral sclerosis type 12|Glaucoma 1, open angle, E|Primary open angle glaucoma","Deletion","","","","","Pathogenic","N","-"
"246",":","OPTN","Amyotrophic lateral sclerosis type 12|Glaucoma 1, open angle, E|Primary open angle glaucoma","Deletion","","","","","Pathogenic","N","-"
"247",":","OPTN","Amyotrophic lateral sclerosis type 12|Glaucoma 1, open angle, E|Primary open angle glaucoma","Deletion","","","","","Pathogenic","N","-"
"248",":","OPTN","Primary open angle glaucoma|Amyotrophic lateral sclerosis type 12|Glaucoma 1, open angle, E","Deletion","","","","","Pathogenic","N","-"
"249",":","OPTN","Primary open angle glaucoma|Glaucoma 1, open angle, E|Amyotrophic lateral sclerosis type 12","Deletion","","","","","Pathogenic","N","-"
"250",":","CAMK1D|CCDC3|OPTN","Primary open angle glaucoma|Amyotrophic lateral sclerosis type 12|Glaucoma 1, open angle, E","Deletion","","","","","Pathogenic","N","-"
"251","rs781660354","PRPH|TROAP-AS1","Amyotrophic lateral sclerosis type 1","single nucleotide variant","non-coding transcript variant|splice acceptor variant","12","49296431","","Likely pathogenic","G","A"
"252","12:49297147","LOC124629354|PRPH|TROAP-AS1","Amyotrophic lateral sclerosis type 1","single nucleotide variant","non-coding transcript variant|splice acceptor variant","12","49297147","","Likely pathogenic","G","A"
"253","rs2498984328","LOC124629354|PRPH|TROAP-AS1","Amyotrophic lateral sclerosis type 1","single nucleotide variant","non-coding transcript variant|nonsense","12","49297196","Q307*","Likely pathogenic","C","T"
"254","rs1592173638","HNRNPA1","Inclusion body myopathy with early-onset Paget disease with or without frontotemporal dementia 3","single nucleotide variant","missense variant|non-coding transcript variant","12","54283922","P288A, P340A","Likely pathogenic","C","G"
"255","12:57572640","KIF5A","Spastic paraplegia","single nucleotide variant","nonsense","12","57572640","R455*, R544*","Pathogenic","C","T"
"256","rs1402429085","KIF5A","Spastic paraplegia","single nucleotide variant","intron variant","12","57582599","","Pathogenic","C","T"
"257","rs1555179091","KIF5A","Spastic paraplegia","single nucleotide variant","splice donor variant","12","57582630","","Likely pathogenic","G","T"
"258","rs1555201919","TBK1","Frontotemporal dementia and/or amyotrophic lateral sclerosis 4","single nucleotide variant","nonsense","12","64455874","Q2*","Pathogenic","C","T"
"259","rs2539476696","TBK1","Frontotemporal dementia and/or amyotrophic lateral sclerosis 4","Indel","frameshift variant","12","64455938 - 64455940","V23fs","Likely pathogenic","N","-"
"260","rs1279619378","TBK1","Frontotemporal dementia and/or amyotrophic lateral sclerosis 4","Duplication","frameshift variant","12","64455939 - 64455940","R25fs","Pathogenic","N","NN"
"261","rs1592350883","TBK1","Frontotemporal dementia and/or amyotrophic lateral sclerosis 4","Duplication","frameshift variant","12","64455954 - 64455955","K30fs","Pathogenic","N","NN"
"262","rs1592350887","TBK1","Frontotemporal dementia and/or amyotrophic lateral sclerosis 4","single nucleotide variant","synonymous variant","12","64455957","","Pathogenic","G","A"
"263","rs2539482429","TBK1","Frontotemporal dementia and/or amyotrophic lateral sclerosis 4","single nucleotide variant","nonsense","12","64460202","L34*","Pathogenic","T","G"
"264","12:64460284 - 64460287","TBK1","Frontotemporal dementia and/or amyotrophic lateral sclerosis 4","Deletion","frameshift variant","12","64460284 - 64460287","L62fs","Pathogenic","N","-"
"265","12:64460307 - 64460310","TBK1","Frontotemporal dementia and/or amyotrophic lateral sclerosis 4","Deletion","frameshift variant","12","64460307 - 64460310","K69fs","Likely pathogenic","N","-"
"266","12:64464386","TBK1","Frontotemporal dementia and/or amyotrophic lateral sclerosis 4","single nucleotide variant","missense variant","12","64464386","L94S","Likely pathogenic","T","C"
"267","rs2539489004","TBK1","Frontotemporal dementia and/or amyotrophic lateral sclerosis 4","Deletion","frameshift variant","12","64464405 - 64464414","S102fs","Pathogenic","N","-"
"268","rs200879808","TBK1","Frontotemporal dementia and/or amyotrophic lateral sclerosis 4","single nucleotide variant","missense variant","12","64464457","D118N","Likely pathogenic","G","A"
"269","rs1565814492","TBK1","Frontotemporal dementia and/or amyotrophic lateral sclerosis 4","Duplication","frameshift variant","12","64466962 - 64466963","I141fs","Pathogenic","N","NN"
"270","rs1565814529","TBK1","Frontotemporal dementia and/or amyotrophic lateral sclerosis 4","Microsatellite","frameshift variant","12","64466995 - 64466996","Y153fs","Pathogenic","N","-"
"271","rs2539493394","TBK1","Frontotemporal dementia and/or amyotrophic lateral sclerosis 4","Deletion","frameshift variant","12","64467061","Y174fs","Pathogenic","N","-"
"272","rs2539503647","TBK1","Frontotemporal dementia and/or amyotrophic lateral sclerosis 4","single nucleotide variant","splice donor variant","12","64474392","","Pathogenic","T","G"
"273","rs2539510971","TBK1","Frontotemporal dementia and/or amyotrophic lateral sclerosis 4","Deletion","frameshift variant","12","64480030","K241fs","Pathogenic","N","-"
"274","rs2539511024","TBK1","Frontotemporal dementia and/or amyotrophic lateral sclerosis 4","Microsatellite","frameshift variant","12","64480046 - 64480047","S247fs","Pathogenic","N","-"
"275","rs2539511036","TBK1","Frontotemporal dementia and/or amyotrophic lateral sclerosis 4","single nucleotide variant","nonsense","12","64480058","Q250*","Pathogenic","C","T"
"276","12:64481918","TBK1","Frontotemporal dementia and/or amyotrophic lateral sclerosis 4","single nucleotide variant","nonsense","12","64481918","Q297*","Pathogenic","C","T"
"277","12:64481963 - 64481964","TBK1","Frontotemporal dementia and/or amyotrophic lateral sclerosis 4","Duplication","frameshift variant","12","64481963 - 64481964","H312fs","Pathogenic","N","NN"
"278","rs369620088","TBK1","Frontotemporal dementia and/or amyotrophic lateral sclerosis 4","single nucleotide variant","nonsense","12","64481973","S315*","Pathogenic","C","A"
"279","rs758357594","TBK1","Frontotemporal dementia and/or amyotrophic lateral sclerosis 4","single nucleotide variant","missense variant","12","64484380","R357Q","Pathogenic","G","A"
"280","rs2136078402","TBK1","Frontotemporal dementia and/or amyotrophic lateral sclerosis 4","single nucleotide variant","splice donor variant","12","64484500","","Likely pathogenic","G","T"
"281","rs2136078402","TBK1","Frontotemporal dementia and/or amyotrophic lateral sclerosis 4","single nucleotide variant","splice donor variant","12","64484500","","Likely pathogenic","G","A"
"282","rs2539519111","TBK1","Frontotemporal dementia and/or amyotrophic lateral sclerosis 4","Deletion","frameshift variant","12","64485499","A412fs","Pathogenic","N","-"
"283","rs2040816609","TBK1","Frontotemporal dementia and/or amyotrophic lateral sclerosis 4","Deletion","nonsense","12","64485949","","Pathogenic","N","-"
"284","rs2539520026","TBK1","Frontotemporal dementia and/or amyotrophic lateral sclerosis 4","single nucleotide variant","nonsense","12","64485982","Y435*","Pathogenic","T","A"
"285","rs769588220","TBK1","Frontotemporal dementia and/or amyotrophic lateral sclerosis 4","single nucleotide variant","nonsense","12","64485995","R440X, R440*","Pathogenic","C","T"
"286","rs767898276","TBK1","Frontotemporal dementia and/or amyotrophic lateral sclerosis 4","single nucleotide variant","splice donor variant","12","64486018","","Pathogenic","G","A"
"287","rs1461457058","TBK1","Frontotemporal dementia and/or amyotrophic lateral sclerosis 4","single nucleotide variant","splice acceptor variant","12","64488486","","Likely pathogenic","G","C"
"288","rs2539523784","TBK1","Frontotemporal dementia and/or amyotrophic lateral sclerosis 4","Deletion","frameshift variant","12","64488517 - 64488518","V458fs","Pathogenic","N","-"
"289","rs1178717934","TBK1","Frontotemporal dementia and/or amyotrophic lateral sclerosis 4","Duplication","frameshift variant","12","64488523 - 64488524","T462fs","Pathogenic","N","NN"
"290","rs1476919390","TBK1","Frontotemporal dementia and/or amyotrophic lateral sclerosis 4","Deletion","frameshift variant","12","64488528 - 64488531","T462fs","Pathogenic","N","-"
"291","rs1555204731","TBK1","Frontotemporal dementia and/or amyotrophic lateral sclerosis 4","Deletion","frameshift variant","12","64488532 - 64488533","E463fs","Pathogenic","N","-"
"292","rs876657405","TBK1","Frontotemporal dementia and/or amyotrophic lateral sclerosis 4","Microsatellite","frameshift variant","12","64488580 - 64488581","V479fs","Likely pathogenic","N","-"
"293","rs2539525878","TBK1","Frontotemporal dementia and/or amyotrophic lateral sclerosis 4","single nucleotide variant","splice acceptor variant","12","64490040","","Likely pathogenic","G","T"
"294","rs1280163869","TBK1","Frontotemporal dementia and/or amyotrophic lateral sclerosis 4","single nucleotide variant","nonsense","12","64490094","S499*","Pathogenic","C","G"
"295","rs2539534664","TBK1","Frontotemporal dementia and/or amyotrophic lateral sclerosis 4","Deletion","frameshift variant","12","64495596 - 64495599","D546fs","Pathogenic","N","-"
"296","rs2539534855","TBK1","Frontotemporal dementia and/or amyotrophic lateral sclerosis 4","single nucleotide variant","splice acceptor variant","12","64495697","","Likely pathogenic","A","T"
"297","12:64495748","TBK1","Frontotemporal dementia and/or amyotrophic lateral sclerosis 4","single nucleotide variant","nonsense","12","64495748","Q565*","Pathogenic","C","T"
"298","rs2136087722","TBK1","Frontotemporal dementia and/or amyotrophic lateral sclerosis 4","Deletion","frameshift variant","12","64496385","E580fs","Pathogenic","N","-"
"299","12:64496407","TBK1","Frontotemporal dementia and/or amyotrophic lateral sclerosis 4","single nucleotide variant","splice donor variant","12","64496407","","Likely pathogenic","G","A"
"300","12:64496948","TBK1","Frontotemporal dementia and/or amyotrophic lateral sclerosis 4","Deletion","","12","64496948","","Pathogenic","N","-"
"301","rs2040932099","TBK1","Frontotemporal dementia and/or amyotrophic lateral sclerosis 4","Deletion","frameshift variant","12","64496957 - 64496958","Y591fs","Pathogenic","N","-"
"302","12:64497006 - 64497007","TBK1","Frontotemporal dementia and/or amyotrophic lateral sclerosis 4","Microsatellite","nonsense","12","64497006 - 64497007","","Pathogenic","-","GCCGGGCGCGGTGGCTCACGCCTGTAATCCCAGCACTTTGGGAGGCCGAGGCGGGTGGATCATGAGGTCAG"
"303","rs2136088227","TBK1","Frontotemporal dementia and/or amyotrophic lateral sclerosis 4","Deletion","frameshift variant","12","64497032 - 64497035","S616fs","Pathogenic","N","-"
"304","rs2539537276","TBK1","Frontotemporal dementia and/or amyotrophic lateral sclerosis 4","single nucleotide variant","nonsense","12","64497044","W619*","Pathogenic","G","A"
"305","rs2539537429","TBK1","Frontotemporal dementia and/or amyotrophic lateral sclerosis 4","single nucleotide variant","splice acceptor variant","12","64497162","","Likely pathogenic","G","A"
"306","rs2539537514","TBK1","Frontotemporal dementia and/or amyotrophic lateral sclerosis 4","Deletion","frameshift variant","12","64497217","D639fs","Pathogenic","N","-"
"307","rs2136088420","TBK1","Frontotemporal dementia and/or amyotrophic lateral sclerosis 4","single nucleotide variant","nonsense","12","64497234","S645*","Pathogenic","C","G"
"308","rs2539537579","TBK1","Frontotemporal dementia and/or amyotrophic lateral sclerosis 4","Deletion","frameshift variant","12","64497256","N652fs","Pathogenic","N","-"
"309","rs1565824978","TBK1","Frontotemporal dementia and/or amyotrophic lateral sclerosis 4","single nucleotide variant","splice acceptor variant","12","64497646","","Likely pathogenic","A","T"
"310","rs2136088934","TBK1","Frontotemporal dementia and/or amyotrophic lateral sclerosis 4","Microsatellite","frameshift variant","12","64497658 - 64497659","L658fs","Pathogenic","N","-"
"311","rs2136088954","TBK1","Frontotemporal dementia and/or amyotrophic lateral sclerosis 4","single nucleotide variant","nonsense","12","64497666","Q660*","Likely pathogenic","C","T"
"312",":","TBK1","Frontotemporal dementia and/or amyotrophic lateral sclerosis 4","Deletion","","","","","Pathogenic","N","-"
"313",":","TBK1","Frontotemporal dementia and/or amyotrophic lateral sclerosis 4","Deletion","","","","","Pathogenic","N","-"
"314",":","TBK1","Frontotemporal dementia and/or amyotrophic lateral sclerosis 4","Deletion","","","","","Pathogenic","N","-"
"315",":","TBK1","Frontotemporal dementia and/or amyotrophic lateral sclerosis 4","copy number loss","","","","","Pathogenic",NA,NA
"316","rs121909542","ANG|EGILA|RNASE4","Amyotrophic lateral sclerosis type 9","single nucleotide variant","non-coding transcript variant|missense variant|intron variant","14","20693719","S52N","Likely pathogenic","G","A"
"317","15:44563294","SPG11","Hereditary spastic paraplegia 11|Charcot-Marie-Tooth disease axonal type 2X|Amyotrophic lateral sclerosis type 5","single nucleotide variant","nonsense","15","44563294","Q2274*, Q2387*, Q2339*","Likely pathogenic","C","T"
"318","15:44564602","SPG11","Hereditary spastic paraplegia 11|Charcot-Marie-Tooth disease axonal type 2X|Amyotrophic lateral sclerosis type 5","single nucleotide variant","nonsense","15","44564602","E2366*, E2253*, E2318*","Likely pathogenic","G","T"
"319","15:44565994","SPG11","Hereditary spastic paraplegia 11|Charcot-Marie-Tooth disease axonal type 2X|Amyotrophic lateral sclerosis type 5","single nucleotide variant","nonsense","15","44565994","Q2287*, Q2174*, Q2239*","Pathogenic","C","T"
"320","15:44566277 - 44566287","SPG11","Hereditary spastic paraplegia 11|Charcot-Marie-Tooth disease axonal type 2X|Amyotrophic lateral sclerosis type 5","Deletion","frameshift variant","15","44566277 - 44566287","G2145fs, G2210fs, G2258fs","Likely pathogenic","N","-"
"321","15:44567583","SPG11","Hereditary spastic paraplegia 11|Charcot-Marie-Tooth disease axonal type 2X|Amyotrophic lateral sclerosis type 5","Deletion","nonsense","15","44567583","","Likely pathogenic","N","-"
"322","15:44570524","SPG11","Hereditary spastic paraplegia 11|Charcot-Marie-Tooth disease axonal type 2X|Amyotrophic lateral sclerosis type 5","single nucleotide variant","splice donor variant","15","44570524","","Likely pathogenic","G","C"
"323","15:44572681","SPG11","Hereditary spastic paraplegia 11|Charcot-Marie-Tooth disease axonal type 2X|Amyotrophic lateral sclerosis type 5","single nucleotide variant","splice donor variant","15","44572681","","Likely pathogenic","T","C"
"324","15:44572773","SPG11","Hereditary spastic paraplegia 11|Charcot-Marie-Tooth disease axonal type 2X|Amyotrophic lateral sclerosis type 5","single nucleotide variant","nonsense","15","44572773","Q2037*, Q1972*, Q2085*","Likely pathogenic","C","T"
"325","15:44572822","SPG11","Hereditary spastic paraplegia 11|Charcot-Marie-Tooth disease axonal type 2X|Amyotrophic lateral sclerosis type 5","single nucleotide variant","splice acceptor variant","15","44572822","","Likely pathogenic","A","G"
"326","15:44573558","SPG11","Hereditary spastic paraplegia 11|Charcot-Marie-Tooth disease axonal type 2X|Amyotrophic lateral sclerosis type 5","single nucleotide variant","nonsense|intron variant","15","44573558","S2065*, S2017*","Likely pathogenic","C","A"
"327","15:44574897 - 44574901","SPG11","Hereditary spastic paraplegia 11|Charcot-Marie-Tooth disease axonal type 2X|Amyotrophic lateral sclerosis type 5","Deletion","splice donor variant|intron variant","15","44574897 - 44574901","","Likely pathogenic","N","-"
"328","15:44583974 - 44583983","SPG11","Hereditary spastic paraplegia 11|Charcot-Marie-Tooth disease axonal type 2X|Amyotrophic lateral sclerosis type 5","Deletion","frameshift variant","15","44583974 - 44583983","Y1852fs, Y1900fs","Likely pathogenic","N","-"
"329","15:44584003","SPG11","Hereditary spastic paraplegia 11|Charcot-Marie-Tooth disease axonal type 2X|Amyotrophic lateral sclerosis type 5","single nucleotide variant","nonsense","15","44584003","E1845*, E1893*","Likely pathogenic","G","T"
"330","15:44584081","SPG11","Hereditary spastic paraplegia 11|Charcot-Marie-Tooth disease axonal type 2X|Amyotrophic lateral sclerosis type 5","Deletion","frameshift variant","15","44584081","E1867fs, E1819fs","Likely pathogenic","N","-"
"331","15:44589289 - 44589290","SPG11","Hereditary spastic paraplegia 11|Charcot-Marie-Tooth disease axonal type 2X|Amyotrophic lateral sclerosis type 5","Duplication","frameshift variant","15","44589289 - 44589290","L1623fs","Likely pathogenic","N","NN"
"332","15:44589290","SPG11","Hereditary spastic paraplegia 11|Charcot-Marie-Tooth disease axonal type 2X|Amyotrophic lateral sclerosis type 5","Deletion","frameshift variant","15","44589290","L1623fs","Pathogenic","N","-"
"333","15:44589327","SPG11","Amyotrophic lateral sclerosis type 5","single nucleotide variant","nonsense","15","44589327","Q1611*","Likely pathogenic","C","T"
"334","15:44595314","SPG11","Hereditary spastic paraplegia 11|Charcot-Marie-Tooth disease axonal type 2X|Amyotrophic lateral sclerosis type 5","Deletion","frameshift variant","15","44595314","L1527fs","Likely pathogenic","N","-"
"335","rs2140971559","SPG11","Hereditary spastic paraplegia 11","single nucleotide variant","nonsense","15","44596085","Q1478*","Pathogenic","C","T"
"336","15:44596110 - 44596113","SPG11","Hereditary spastic paraplegia 11|Charcot-Marie-Tooth disease axonal type 2X|Amyotrophic lateral sclerosis type 5","Deletion","frameshift variant","15","44596110 - 44596113","I1469fs","Likely pathogenic","N","-"
"337","15:44596240 - 44596241","LOC130056973|SPG11","Hereditary spastic paraplegia 11|Charcot-Marie-Tooth disease axonal type 2X|Amyotrophic lateral sclerosis type 5","Deletion","frameshift variant","15","44596240 - 44596241","K1426fs","Likely pathogenic","N","-"
"338","15:44596945","SPG11","Hereditary spastic paraplegia 11|Charcot-Marie-Tooth disease axonal type 2X|Amyotrophic lateral sclerosis type 5","single nucleotide variant","splice acceptor variant","15","44596945","","Likely pathogenic","A","C"
"339","15:44598265 - 44598266","SPG11","Hereditary spastic paraplegia 11|Charcot-Marie-Tooth disease axonal type 2X|Amyotrophic lateral sclerosis type 5","Microsatellite","frameshift variant","15","44598265 - 44598266","R1334fs","Likely pathogenic","N","-"
"340","15:44598363 - 44598364","SPG11","Hereditary spastic paraplegia 11|Charcot-Marie-Tooth disease axonal type 2X|Amyotrophic lateral sclerosis type 5","Duplication","frameshift variant","15","44598363 - 44598364","S1302fs","Likely pathogenic","N","NN"
"341","15:44598740","SPG11","Amyotrophic lateral sclerosis type 5|Hereditary spastic paraplegia 11|Charcot-Marie-Tooth disease axonal type 2X","Deletion","frameshift variant","15","44598740","G1262fs","Likely pathogenic","N","-"
"342","15:44598779 - 44598780","SPG11","Amyotrophic lateral sclerosis type 5","Insertion","frameshift variant","15","44598779 - 44598780","S1249fs","Likely pathogenic","-","CTACC"
"343","15:44608525","SPG11","Hereditary spastic paraplegia 11|Charcot-Marie-Tooth disease axonal type 2X|Amyotrophic lateral sclerosis type 5","Deletion","frameshift variant","15","44608525","K1125fs","Likely pathogenic","N","-"
"344","15:44610986","SPG11","Hereditary spastic paraplegia 11|Charcot-Marie-Tooth disease axonal type 2X|Amyotrophic lateral sclerosis type 5","single nucleotide variant","splice acceptor variant","15","44610986","","Likely pathogenic","G","C"
"345","15:44613537","SPG11","Hereditary spastic paraplegia 11|Charcot-Marie-Tooth disease axonal type 2X|Amyotrophic lateral sclerosis type 5","single nucleotide variant","splice acceptor variant","15","44613537","","Likely pathogenic","G","A"
"346","15:44615384 - 44615385","SPG11","Hereditary spastic paraplegia 11|Charcot-Marie-Tooth disease axonal type 2X|Amyotrophic lateral sclerosis type 5","Duplication","frameshift variant","15","44615384 - 44615385","Y1006fs","Likely pathogenic","N","NN"
"347","15:44615416 - 44615417","SPG11","Hereditary spastic paraplegia 11|Charcot-Marie-Tooth disease axonal type 2X|Amyotrophic lateral sclerosis type 5","Deletion","frameshift variant","15","44615416 - 44615417","Y995fs","Likely pathogenic","N","-"
"348","15:44615538","SPG11","Hereditary spastic paraplegia 11|Charcot-Marie-Tooth disease axonal type 2X|Amyotrophic lateral sclerosis type 5","single nucleotide variant","nonsense","15","44615538","E955*","Likely pathogenic","G","T"
"349","rs750101275","SPG11","Hereditary spastic paraplegia 11","Duplication","frameshift variant","15","44621766 - 44621767","S871fs","Pathogenic","N","NN"
"350","rs2083790483","SPG11","Amyotrophic lateral sclerosis type 5","Deletion","frameshift variant","15","44622794","F750fs","Pathogenic","N","-"
"351","15:44628748 - 44628749","SPG11","Hereditary spastic paraplegia 11|Charcot-Marie-Tooth disease axonal type 2X|Amyotrophic lateral sclerosis type 5","Deletion","frameshift variant","15","44628748 - 44628749","D663fs","Likely pathogenic","N","-"
"352","15:44629276 - 44629279","SPG11","Hereditary spastic paraplegia 11|Charcot-Marie-Tooth disease axonal type 2X|Amyotrophic lateral sclerosis type 5","Deletion","frameshift variant","15","44629276 - 44629279","F617fs","Pathogenic","N","-"
"353","15:44629304","SPG11","Hereditary spastic paraplegia 11|Charcot-Marie-Tooth disease axonal type 2X|Amyotrophic lateral sclerosis type 5","single nucleotide variant","nonsense","15","44629304","S607*","Likely pathogenic","C","G"
"354","rs1226110412","SPG11","Amyotrophic lateral sclerosis type 5","single nucleotide variant","nonsense","15","44651515","Q478*","Pathogenic","C","T"
"355","15:44651672","SPG11","Hereditary spastic paraplegia 11|Charcot-Marie-Tooth disease axonal type 2X|Amyotrophic lateral sclerosis type 5","Deletion","frameshift variant","15","44651672","I425fs","Likely pathogenic","N","-"
"356","15:44657171","SPG11","Hereditary spastic paraplegia 11|Charcot-Marie-Tooth disease axonal type 2X|Amyotrophic lateral sclerosis type 5","Deletion","frameshift variant","15","44657171","S265fs","Likely pathogenic","N","-"
"357","15:44657213","SPG11","Amyotrophic lateral sclerosis type 5|Hereditary spastic paraplegia 11|Charcot-Marie-Tooth disease axonal type 2X","single nucleotide variant","nonsense","15","44657213","Q251*","Likely pathogenic","C","T"
"358","rs2053207945","CHRNA3","Amyotrophic lateral sclerosis","Deletion","frameshift variant|non-coding transcript variant","15","78601917","L242fs","Likely pathogenic","N","-"
"359","rs2053208751","CHRNA3","Amyotrophic lateral sclerosis","Insertion","frameshift variant|non-coding transcript variant","15","78601933 - 78601934","I237fs","Likely pathogenic","-","G"
"360","rs2053501632","CHRNA3","Amyotrophic lateral sclerosis","Insertion","frameshift variant|non-coding transcript variant","15","78618636 - 78618637","T83fs","Likely pathogenic","-","G"
"361","rs2053539304","CHRNA3","Amyotrophic lateral sclerosis","single nucleotide variant","missense variant|initiator_codon_variant|non-coding transcript variant","15","78620794","M1V","Likely pathogenic","A","G"
"362","rs2544251972","FUS","Amyotrophic lateral sclerosis type 6|Tremor, hereditary essential, 4","single nucleotide variant","nonsense|non-coding transcript variant","16","31183920","Q84*, Q85*","Pathogenic","C","T"
"363","rs2144138894","FUS","Amyotrophic lateral sclerosis type 6|Tremor, hereditary essential, 4","Duplication","frameshift variant|non-coding transcript variant","16","31190839 - 31190840","G464fs, G461fs, G465fs","Pathogenic","N","NN"
"364","rs2079347087","FUS","Amyotrophic lateral sclerosis type 6","single nucleotide variant","splice acceptor variant","16","31190962","","Pathogenic","G","T"
"365","rs2544279075","FUS","Amyotrophic lateral sclerosis type 6|Tremor, hereditary essential, 4","Deletion","frameshift variant|non-coding transcript variant","16","31191016 - 31191055","Y480fs, Y483fs, Y484fs","Pathogenic","N","-"
"366","16:31191061 - 31191062","FUS","Amyotrophic lateral sclerosis type 6","Duplication","frameshift variant|non-coding transcript variant","16","31191061 - 31191062","G496fs, G500fs, G499fs","Likely pathogenic","N","NN"
"367","16:31191062","FUS","Amyotrophic lateral sclerosis type 6|Tremor, hereditary essential, 4","Deletion","frameshift variant|non-coding transcript variant","16","31191062","G495fs, G498fs, G499fs","Pathogenic","N","-"
"368","rs2144140268","FUS","Amyotrophic lateral sclerosis type 6|Tremor, hereditary essential, 4","Duplication","frameshift variant|non-coding transcript variant","16","31191068 - 31191069","G500fs, G501fs, G497fs","Pathogenic","N","NN"
"369","rs1596912983","FUS","Amyotrophic lateral sclerosis type 6|Tremor, hereditary essential, 4","Microsatellite","frameshift variant|non-coding transcript variant","16","31191075 - 31191076","G500fs, G503fs, G504fs","Pathogenic","N","NN"
"370","rs2079350332","FUS","Amyotrophic lateral sclerosis type 6","Duplication","frameshift variant|non-coding transcript variant","16","31191077 - 31191078","G503fs, G504fs, G500fs","Pathogenic","N","NN"
"371","rs2544279594","FUS","Amyotrophic lateral sclerosis type 6|Tremor, hereditary essential, 4","Duplication","frameshift variant|non-coding transcript variant","16","31191099 - 31191100","M507fs, M510fs, M511fs","Pathogenic","N","NN"
"372","rs1555509609","FUS","Amyotrophic lateral sclerosis type 6","single nucleotide variant","missense variant|non-coding transcript variant","16","31191109","R514W, R510W, R513W","Likely pathogenic","A","T"
"373","rs2079351113","FUS","Amyotrophic lateral sclerosis type 6|Tremor, hereditary essential, 4","single nucleotide variant","splice donor variant","16","31191111","","Pathogenic","G","A"
"374","rs1596914113","FUS","Amyotrophic lateral sclerosis type 6","single nucleotide variant","splice acceptor variant","16","31191398","","Likely pathogenic","G","C"
"375","16:31191399","FUS","Amyotrophic lateral sclerosis type 6|Tremor, hereditary essential, 4","single nucleotide variant","missense variant|non-coding transcript variant","16","31191399","R510S, R513S, R514S","Pathogenic","G","T"
"376","rs121909669","FUS","Tremor, hereditary essential, 4|Amyotrophic lateral sclerosis type 6","single nucleotide variant","missense variant|non-coding transcript variant","16","31191410","R518K, R514K, R517K","Pathogenic","G","A"
"377","rs1567479067","FUS","Amyotrophic lateral sclerosis type 6","single nucleotide variant","nonsense|non-coding transcript variant","16","31191412","Q515*, Q518*, Q519*","Pathogenic","C","T"
"378","rs544088874","FUS","Amyotrophic lateral sclerosis type 6","single nucleotide variant","missense variant|non-coding transcript variant","16","31191428","R523M, R520M, R524M","Likely pathogenic","G","T"
"379","rs1555509699","FUS","Amyotrophic lateral sclerosis type 6","single nucleotide variant","missense variant|non-coding transcript variant","16","31191430","P521S, P524S, P525S","Likely pathogenic","C","T"
"380","rs1555509699","FUS","Tremor, hereditary essential, 4|Amyotrophic lateral sclerosis type 6","single nucleotide variant","missense variant|non-coding transcript variant","16","31191430","P521T, P525T, P524T","Pathogenic","C","A"
"381","rs1228194239","FUS","Juvenile amyotrophic lateral sclerosis","single nucleotide variant","missense variant|non-coding transcript variant","16","31191434","Y525C, Y522C, Y526C","Pathogenic","A","G"
"382","rs2513075471","UNC13A","Amyotrophic lateral sclerosis type 1","single nucleotide variant","missense variant","19","17648579","F554L, F556L","Likely pathogenic","C","A"
"383","20:761006 - 765794","SLC52A3","Brown-Vialetto-van Laere syndrome 1","Deletion","","20","761006 - 765794","","Pathogenic","N","-"
"384","rs1555783467","SLC52A3","Brown-Vialetto-van Laere syndrome 1","single nucleotide variant","missense variant","20","761120","G439D","Likely pathogenic","G","A"
"385","rs767916187","SLC52A3","Brown-Vialetto-van Laere syndrome 1","single nucleotide variant","nonsense","20","763718","Q285*","Pathogenic","C","T"
"386","rs2514848897","SLC52A3","Brown-Vialetto-van Laere syndrome 1","Deletion","frameshift variant","20","763780 - 763781","S264fs","Pathogenic","N","-"
"387","rs2514849071","SLC52A3","Brown-Vialetto-van Laere syndrome 1","Deletion","frameshift variant","20","763829","W248fs","Likely pathogenic","N","-"
"388","20:763909","SLC52A3","Brown-Vialetto-van Laere syndrome 1","Deletion","frameshift variant","20","763909","L221fs","Likely pathogenic","N","-"
"389","rs1383679424","SLC52A3","Brown-Vialetto-van Laere syndrome 1","Duplication","frameshift variant","20","765290 - 765291","G162fs","Pathogenic","N","NN"
"390","rs769740240","SLC52A3","Brown-Vialetto-van Laere syndrome 1","single nucleotide variant","nonsense","20","765367","Y136*","Pathogenic","C","G"
"391","rs767263985","SLC52A3","Brown-Vialetto-van Laere syndrome 1","single nucleotide variant","missense variant","20","765401","T125I","Likely pathogenic","C","T"
"392","rs1486271481","SLC52A3","Brown-Vialetto-van Laere syndrome 1","single nucleotide variant","nonsense","20","765482","W98*","Pathogenic","G","A"
"393","rs1986662202","SLC52A3","Brown-Vialetto-van Laere syndrome 1","Deletion","frameshift variant","20","765690","L29fs","Pathogenic","N","-"
"394","rs2514853352","SLC52A3","Brown-Vialetto-van Laere syndrome 1","single nucleotide variant","nonsense","20","765724","W17*","Pathogenic","G","A"
"395",":","SLC52A3","Brown-Vialetto-van Laere syndrome 1","Deletion","","","","","Pathogenic","N","-"
"396",":","SLC52A3","Brown-Vialetto-van Laere syndrome 1","Deletion","","","","","Likely pathogenic","N","-"
"397",":","CSNK2A1|RBCK1|SCRT2|SLC52A3|SRXN1|TBC1D20|TCF15","Brown-Vialetto-van Laere syndrome 1","Deletion","","","","","Pathogenic","N","-"
"398","rs1568807314","SOD1|SOD1-DT","Amyotrophic lateral sclerosis type 1","single nucleotide variant","missense variant","21","31659785","V6M","Likely pathogenic","G","A"
"399","rs1312702973","SOD1|SOD1-DT","Amyotrophic lateral sclerosis type 1","single nucleotide variant","missense variant","21","31659788","C7G","Likely pathogenic","T","G"
"400","rs1312702973","SOD1|SOD1-DT","Amyotrophic lateral sclerosis type 1","single nucleotide variant","missense variant","21","31659788","C7S","Pathogenic","T","A"
"401","rs762628133","SOD1|SOD1-DT","Amyotrophic lateral sclerosis type 1","single nucleotide variant","non-coding transcript variant|missense variant","21","31659803","D12Y","Likely pathogenic","G","T"
"402","rs1202989817","SOD1-DT|SOD1","Amyotrophic lateral sclerosis type 1","single nucleotide variant","missense variant","21","31659813","V15G","Likely pathogenic","T","G"
"403","rs121912453","SOD1|SOD1-DT","Amyotrophic lateral sclerosis type 1","single nucleotide variant","missense variant","21","31659818","G17C","Likely pathogenic","G","T"
"404","rs1555836169","SOD1|SOD1-DT","Amyotrophic lateral sclerosis type 1","single nucleotide variant","missense variant","21","31659831","F21C","Pathogenic","T","G"
"405","21:31659837","SOD1|SOD1-DT","Amyotrophic lateral sclerosis type 1","single nucleotide variant","non-coding transcript variant|missense variant","21","31659837","Q23R","Likely pathogenic","A","G"
"406","rs1169198442","SOD1|SOD1-DT","Amyotrophic lateral sclerosis type 1","single nucleotide variant","non-coding transcript variant|missense variant","21","31659837","Q23P","Likely pathogenic","A","C"
"407","21:31663789","SOD1","Amyotrophic lateral sclerosis type 1","single nucleotide variant","splice acceptor variant","21","31663789","","Likely pathogenic","G","A"
"408","rs1555836520","SOD1","Amyotrophic lateral sclerosis type 1","single nucleotide variant","missense variant","21","31663833","L39Q","Likely pathogenic","T","A"
"409","21:31666473","SOD1","Amyotrophic lateral sclerosis type 1","single nucleotide variant","missense variant","21","31666473","","Likely pathogenic","T","G"
"410","21:31666479","SOD1","Amyotrophic lateral sclerosis type 1","single nucleotide variant","missense variant","21","31666479","P67R","Likely pathogenic","C","G"
"411","21:31666482","SOD1","Amyotrophic lateral sclerosis type 1","single nucleotide variant","missense variant","21","31666482","L68P","Likely pathogenic","T","C"
"412","rs2049594204","SOD1","Amyotrophic lateral sclerosis type 1","single nucleotide variant","missense variant","21","31666484","S69P","Likely pathogenic","T","C"
"413","rs2049594311","SOD1","Amyotrophic lateral sclerosis type 1","single nucleotide variant","missense variant","21","31666493","H72Y","Likely pathogenic","C","T"
"414","rs2516660280","SOD1","Amyotrophic lateral sclerosis type 1","single nucleotide variant","missense variant","21","31667259","H81Y","Likely pathogenic","C","T"
"415","rs121912458","SOD1","Amyotrophic lateral sclerosis type 1","single nucleotide variant","missense variant","21","31667260","H81R","Pathogenic","A","G"
"416","rs80265967","SCAF4|SOD1","Amyotrophic lateral sclerosis type 1","single nucleotide variant","missense variant","21","31667290","D91V","Pathogenic","A","T"
"417","21:31667296 - 31667297","SOD1","Amyotrophic lateral sclerosis type 1","Duplication","","21","31667296 - 31667297","","Likely pathogenic","N","NN"
"418","rs121912437","SOD1","Amyotrophic lateral sclerosis type 1","single nucleotide variant","missense variant","21","31667298","G94S","Pathogenic","G","A"
"419","rs121912437","SOD1","Amyotrophic lateral sclerosis type 1","single nucleotide variant","missense variant","21","31667298","G94C","Pathogenic","G","T"
"420","rs121912438","SOD1","Amyotrophic lateral sclerosis type 1","single nucleotide variant","missense variant","21","31667299","G94A","Pathogenic","G","C"
"421","rs1555836803","SOD1","Amyotrophic lateral sclerosis type 1","single nucleotide variant","missense variant","21","31667308","D97V","Likely pathogenic","A","T"
"422","rs1568810715","SOD1","Amyotrophic lateral sclerosis type 1","single nucleotide variant","missense variant","21","31667322","D102N","Pathogenic","G","A"
"423","rs1568810715","SOD1","Amyotrophic lateral sclerosis type 1","single nucleotide variant","missense variant","21","31667322","D102H","Pathogenic","G","C"
"424","rs121912445","SOD1","Abnormal central motor function","single nucleotide variant","missense variant","21","31667331","I105F","Likely pathogenic","A","T"
"425","rs121912440","SOD1","Amyotrophic lateral sclerosis type 1","single nucleotide variant","missense variant","21","31667337","L107F","Pathogenic","C","T"
"426","rs1601158483","SOD1","Amyotrophic lateral sclerosis type 1","single nucleotide variant","missense variant","21","31667353","C112Y","Pathogenic","G","A"
"427","rs74315452","SOD1","Amyotrophic lateral sclerosis type 1","single nucleotide variant","missense variant","21","31667356","I113T","Pathogenic","T","C"
"428","21:31667357","SOD1","Amyotrophic lateral sclerosis type 1","single nucleotide variant","missense variant","21","31667357","I113M","Likely pathogenic","C","G"
"429","rs750335577","SOD1","Amyotrophic lateral sclerosis type 1","single nucleotide variant","missense variant","21","31667360","I114M","Likely pathogenic","T","G"
"430","rs1568810789","SOD1","Amyotrophic lateral sclerosis type 1","single nucleotide variant","missense variant","21","31667362","G115A","Pathogenic","G","C"
"431","21:31667364","SOD1","Amyotrophic lateral sclerosis type 1","single nucleotide variant","missense variant","21","31667364","R116S","Likely pathogenic","C","A"
"432","21:31668471","SOD1","Amyotrophic lateral sclerosis type 1","single nucleotide variant","missense variant","21","31668471","V120F","Likely pathogenic","G","T"
"433","21:31668477","SOD1","Amyotrophic lateral sclerosis type 1","single nucleotide variant","missense variant","21","31668477","E122K","Likely pathogenic","G","A"
"434","rs1568811372","SOD1","Amyotrophic lateral sclerosis type 1","single nucleotide variant","missense variant","21","31668489","D126N","Likely pathogenic","G","A"
"435","21:31668490 - 31668491","SOD1","Amyotrophic lateral sclerosis type 1","Duplication","frameshift variant","21","31668490 - 31668491","K129fs","Pathogenic","N","NN"
"436","rs1164911383","SOD1","Amyotrophic lateral sclerosis type 1","single nucleotide variant","missense variant","21","31668490","D126A","Likely pathogenic","A","C"
"437","rs121912454","SOD1","Amyotrophic lateral sclerosis type 1","single nucleotide variant","missense variant","21","31668493","L127S","Pathogenic","T","C"
"438","rs1027128618","SOD1","Amyotrophic lateral sclerosis type 1","single nucleotide variant","missense variant","21","31668509","N132K","Likely pathogenic","T","G"
"439","rs2049618449","SOD1","Amyotrophic lateral sclerosis type 1","single nucleotide variant","missense variant","21","31668513","E134K","Likely pathogenic","G","A"
"440","rs1568811426","SOD1","Amyotrophic lateral sclerosis type 1","single nucleotide variant","missense variant","21","31668514","E134G","Pathogenic","A","G"
"441","rs1568811489","SOD1","Amyotrophic lateral sclerosis type 1","single nucleotide variant","missense variant","21","31668538","G142V","Likely pathogenic","G","T"
"442","rs1482760341","SOD1","Amyotrophic lateral sclerosis type 1","single nucleotide variant","missense variant","21","31668548","L145F","Pathogenic","G","T"
"443","rs121912447","SOD1","Amyotrophic lateral sclerosis type 1","single nucleotide variant","missense variant","21","31668549","A146T","Likely pathogenic","G","A"
"444","rs1131690781","SOD1","Amyotrophic lateral sclerosis type 1","single nucleotide variant","missense variant","21","31668550","A146V","Likely pathogenic","C","T"
"445","21:31668551","SOD1","Amyotrophic lateral sclerosis type 1","Deletion","frameshift variant","21","31668551","C147fs","Likely pathogenic","N","-"
"446","rs1568811515","SOD1","Amyotrophic lateral sclerosis type 1","single nucleotide variant","missense variant","21","31668552","C147R","Likely pathogenic","T","C"
"447","rs1424014997","SOD1","Amyotrophic lateral sclerosis type 1","single nucleotide variant","missense variant","21","31668562","I150S","Likely pathogenic","T","G"
"448","rs1424014997","SOD1","Amyotrophic lateral sclerosis type 1","single nucleotide variant","missense variant","21","31668562","I150N","Likely pathogenic","T","A"
"449","rs2123437030","SOD1","Amyotrophic lateral sclerosis","single nucleotide variant","missense variant","21","31668563","I150M","Likely pathogenic","T","G"
"450","21:31668568","SOD1","Amyotrophic lateral sclerosis type 1","single nucleotide variant","missense variant","21","31668568","I152N","Likely pathogenic","T","A"
"451","rs2145927350","CHCHD10","Frontotemporal dementia and/or amyotrophic lateral sclerosis 2|Autosomal dominant mitochondrial myopathy with exercise intolerance|Lower motor neuron syndrome with late-adult onset","Indel","missense variant","22","23767590 - 23767591","R15L","Pathogenic","N","-"
"452","rs387906710","UBQLN2","Amyotrophic lateral sclerosis type 15","single nucleotide variant","missense variant","X","56565362","P497S","Pathogenic","C","T"
"453","rs387906709","UBQLN2","Amyotrophic lateral sclerosis type 15","single nucleotide variant","missense variant","X","56565363","P497H","Pathogenic","C","A"
"454","rs387906711","UBQLN2","Amyotrophic lateral sclerosis type 15","single nucleotide variant","missense variant","X","56565389","P506T","Pathogenic","C","A"
"455","rs2519963370","UBQLN2","UBQLN2-related disorder","single nucleotide variant","missense variant","X","56565390","P506L","Likely pathogenic","C","T"
"456","X:56565536","UBQLN2","Amyotrophic lateral sclerosis type 15","single nucleotide variant","missense variant","X","56565536","P555S","Likely pathogenic","C","T"
